{
  "csv_path": "data/tunisia_all_cities_traffic.csv",
  "n_samples": 4524,
  "features": [
    "trafic_niveau",
    "indice_congestion",
    "retard_estime_min",
    "vitesse_moy_kmh",
    "chauffeurs_actifs",
    "heure_int",
    "minute",
    "hour_sin",
    "hour_cos",
    "day_sin",
    "day_cos",
    "minute_sin",
    "minute_cos",
    "is_night",
    "is_ramadan_slot",
    "is_friday_slot",
    "is_school_slot",
    "is_prayer_slot",
    "is_beach_hour",
    "beach_surge_applied",
    "beach_surge_value",
    "has_beach",
    "zone_type_enc",
    "demande_enc",
    "periode_enc",
    "beach_reason_enc",
    "car_type_code",
    "intensite_ville",
    "population_log",
    "traffic_x_demand",
    "beach_x_hour",
    "night_x_traffic",
    "ramadan_x_traffic",
    "beach_x_surge",
    "congestion_x_retard",
    "vitesse_inv",
    "chauffeurs_inv"
  ],
  "n_features": 37,
  "target": "surge_multiplier",
  "n_train": 3166,
  "n_val": 679,
  "n_test": 679,
  "xgb_val": {
    "mae": 0.03002490140412096,
    "rmse": 0.04235434835637204,
    "r2": 0.9912719771942032,
    "mape": 2.0361166245882143
  },
  "xgb_test": {
    "mae": 0.03026740108287738,
    "rmse": 0.04248644883838609,
    "r2": 0.9910496107826384,
    "mape": 2.0241418204890818
  },
  "lgbm_val": {
    "mae": 0.03243348630713685,
    "rmse": 0.04538184478030581,
    "r2": 0.9899796208202588,
    "mape": 2.1927988648801215
  },
  "lgbm_test": {
    "mae": 0.033094217607151324,
    "rmse": 0.046212747863624296,
    "r2": 0.9894107636504864,
    "mape": 2.2012141718899607
  },
  "ensemble_test": {
    "mae": 0.03120809621447288,
    "rmse": 0.043598538824377524,
    "r2": 0.9905749226137184,
    "mape": 2.079470714077633
  }
}